{
  "audio": {
    "base": {
      "loss": 0.430459035578025,
      "l1": 0.033343011590983976,
      "stft": 0.39711602413266434,
      "num_segments": 18163,
      "num_files": 5000
    },
    "finetuned": {
      "loss": 0.38330179183800656,
      "l1": 0.02921101085456882,
      "stft": 0.3540907800082744,
      "num_segments": 18163,
      "num_files": 5000
    },
    "improvement": {
      "loss": 0.04715724374001845,
      "l1": 0.004132000736415155,
      "stft": 0.04302524412438996
    }
  },
  "ohmybahasa": {
    "base": {
      "loss": 0.7383981471536156,
      "l1": 0.05427470285953999,
      "stft": 0.6841234412038609,
      "num_segments": 4593,
      "num_files": 1540
    },
    "finetuned": {
      "loss": 0.6598593453397529,
      "l1": 0.04722747043093097,
      "stft": 0.6126318751870223,
      "num_segments": 4593,
      "num_files": 1540
    },
    "improvement": {
      "loss": 0.07853880181386275,
      "l1": 0.007047232428609017,
      "stft": 0.07149156601683859
    }
  }
}